,custom_cnn,resnet50,mobilenetv2,efficientnetb0,n_images
Grape___healthy,0.5,0.4166666666666667,0.4166666666666667,0.25,12
Corn_(maize)___Northern_Leaf_Blight,0.25,0.3333333333333333,0.4166666666666667,0.4166666666666667,12
Blueberry___healthy,0.0,0.2727272727272727,0.09090909090909091,0.36363636363636365,11
Tomato___Septoria_leaf_spot,0.0,0.09090909090909091,0.18181818181818182,0.45454545454545453,11
Corn_(maize)___Common_rust_,0.7,0.2,0.3,0.3,10
Apple___Apple_scab,0.0,0.3,0.2,0.0,10
Apple___Cedar_apple_rust,0.0,0.0,0.2,0.0,10
Tomato___Late_blight,0.3,0.7,0.8,0.7,10
Tomato___Tomato_mosaic_virus,0.0,0.0,0.0,0.0,10
Cherry_(including_sour)___healthy,0.0,0.0,0.0,0.0,10
Apple___healthy,0.2222222222222222,0.4444444444444444,0.4444444444444444,0.4444444444444444,9
Tomato___Bacterial_spot,0.0,0.0,0.0,0.0,9
Tomato___Early_blight,0.3333333333333333,0.4444444444444444,0.2222222222222222,0.5555555555555556,9
Peach___healthy,0.1111111111111111,0.0,0.3333333333333333,0.1111111111111111,9
"Pepper,_bell___Bacterial_spot",0.2222222222222222,0.3333333333333333,0.4444444444444444,0.5555555555555556,9
Potato___Late_blight,0.0,0.0,0.125,0.0,8
Grape___Black_rot,0.0,0.375,0.375,0.5,8
Potato___Early_blight,0.125,0.0,0.0,0.25,8
"Pepper,_bell___healthy",0.375,0.5,0.125,0.125,8
Strawberry___healthy,0.0,0.375,0.0,0.125,8
Tomato___healthy,0.0,0.0,0.0,0.0,8
Soybean___healthy,0.0,0.0,0.125,0.375,8
Raspberry___healthy,0.14285714285714285,0.2857142857142857,0.8571428571428571,0.42857142857142855,7
Tomato___Leaf_Mold,0.0,0.0,0.0,0.0,6
Squash___Powdery_mildew,0.3333333333333333,0.3333333333333333,0.3333333333333333,0.5,6
Tomato___Tomato_Yellow_Leaf_Curl_Virus,0.16666666666666666,0.16666666666666666,0.0,0.0,6
Corn_(maize)___Cercospora_leaf_spot Gray_leaf_spot,0.5,0.5,0.25,0.5,4
